Epoch,Train_Loss
0,0.08518149775161517
1,0.0309569947135869
